Plot_ID,german,timestamp,conf,int01_avgconf,int01_medconf,int01_maxconf,int01_minconf,int01_ndets10,int01_ndets20,int01_ndets30,int01_ndets40,int01_ndets50,int01_ndets60,int01_ndets70,int01_ndets80,int01_ndets90,int01_ndets99,int02_avgconf,int02_medconf,int02_maxconf,int02_minconf,int02_ndets10,int02_ndets20,int02_ndets30,int02_ndets40,int02_ndets50,int02_ndets60,int02_ndets70,int02_ndets80,int02_ndets90,int02_ndets99,int03_avgconf,int03_medconf,int03_maxconf,int03_minconf,int03_ndets10,int03_ndets20,int03_ndets30,int03_ndets40,int03_ndets50,int03_ndets60,int03_ndets70,int03_ndets80,int03_ndets90,int03_ndets99,int04_avgconf,int04_medconf,int04_maxconf,int04_minconf,int04_ndets10,int04_ndets20,int04_ndets30,int04_ndets40,int04_ndets50,int04_ndets60,int04_ndets70,int04_ndets80,int04_ndets90,int04_ndets99,int05_avgconf,int05_medconf,int05_maxconf,int05_minconf,int05_ndets10,int05_ndets20,int05_ndets30,int05_ndets40,int05_ndets50,int05_ndets60,int05_ndets70,int05_ndets80,int05_ndets90,int05_ndets99,int06_avgconf,int06_medconf,int06_maxconf,int06_minconf,int06_ndets10,int06_ndets20,int06_ndets30,int06_ndets40,int06_ndets50,int06_ndets60,int06_ndets70,int06_ndets80,int06_ndets90,int06_ndets99,int07_avgconf,int07_medconf,int07_maxconf,int07_minconf,int07_ndets10,int07_ndets20,int07_ndets30,int07_ndets40,int07_ndets50,int07_ndets60,int07_ndets70,int07_ndets80,int07_ndets90,int07_ndets99,int08_avgconf,int08_medconf,int08_maxconf,int08_minconf,int08_ndets10,int08_ndets20,int08_ndets30,int08_ndets40,int08_ndets50,int08_ndets60,int08_ndets70,int08_ndets80,int08_ndets90,int08_ndets99,int09_avgconf,int09_medconf,int09_maxconf,int09_minconf,int09_ndets10,int09_ndets20,int09_ndets30,int09_ndets40,int09_ndets50,int09_ndets60,int09_ndets70,int09_ndets80,int09_ndets90,int09_ndets99,int10_avgconf,int10_medconf,int10_maxconf,int10_minconf,int10_ndets10,int10_ndets20,int10_ndets30,int10_ndets40,int10_ndets50,int10_ndets60,int10_ndets70,int10_ndets80,int10_ndets90,int10_ndets99,int11_avgconf,int11_medconf,int11_maxconf,int11_minconf,int11_ndets10,int11_ndets20,int11_ndets30,int11_ndets40,int11_ndets50,int11_ndets60,int11_ndets70,int11_ndets80,int11_ndets90,int11_ndets99,int12_avgconf,int12_medconf,int12_maxconf,int12_minconf,int12_ndets10,int12_ndets20,int12_ndets30,int12_ndets40,int12_ndets50,int12_ndets60,int12_ndets70,int12_ndets80,int12_ndets90,int12_ndets99,detID
1016,Grauspecht,2021-04-06T09:00:00Z,0.59,0.59,0.59,0.59,0.59,1,1,1,1,1,0,0,0,0,0,0.59,0.59,0.59,0.59,1,1,1,1,1,0,0,0,0,0,0.59,0.59,0.59,0.59,1,1,1,1,1,0,0,0,0,0,0.59,0.59,0.59,0.59,1,1,1,1,1,0,0,0,0,0,0.59,0.59,0.59,0.59,1,1,1,1,1,0,0,0,0,0,0.35,0.35,0.59,0.11,2,1,1,1,1,0,0,0,0,0,0.35,0.35,0.59,0.11,2,1,1,1,1,0,0,0,0,0,0.35,0.35,0.59,0.11,2,1,1,1,1,0,0,0,0,0,0.138461538461538,0.12,0.59,0.1,39,1,1,1,1,0,0,0,0,0,0.130487804878049,0.12,0.59,0.1,82,1,1,1,1,0,0,0,0,0,0.124895104895105,0.11,0.59,0.1,143,1,1,1,1,0,0,0,0,0,0.12134693877551,0.11,0.59,0.1,245,1,1,1,1,0,0,0,0,0,1016_20210406_090000_0
1216,Grauspecht,2021-04-10T10:10:18Z,0.97,0.41,0.14,0.97,0.12,3,1,1,1,1,1,1,1,1,0,0.3,0.14,0.97,0.1,5,1,1,1,1,1,1,1,1,0,0.257142857142857,0.14,0.97,0.1,7,1,1,1,1,1,1,1,1,0,0.257142857142857,0.14,0.97,0.1,7,1,1,1,1,1,1,1,1,0,0.167916666666667,0.14,0.97,0.1,24,1,1,1,1,1,1,1,1,0,0.156176470588235,0.14,0.97,0.1,34,1,1,1,1,1,1,1,1,0,0.15,0.13,0.97,0.1,42,1,1,1,1,1,1,1,1,0,0.146415094339623,0.13,0.97,0.1,53,1,1,1,1,1,1,1,1,0,0.131401869158879,0.12,0.97,0.1,214,2,1,1,1,1,1,1,1,0,0.12962,0.12,0.97,0.1,500,9,1,1,1,1,1,1,1,0,0.130238693467337,0.12,0.97,0.1,796,17,2,1,1,1,1,1,1,0,0.129092664092664,0.12,0.97,0.1,1036,21,2,1,1,1,1,1,1,0,1216_20210410_101000_18
1216,Grauspecht,2021-04-13T17:50:00Z,0.72,0.435,0.435,0.72,0.15,2,1,1,1,1,1,1,0,0,0,0.343333333333333,0.16,0.72,0.15,3,1,1,1,1,1,1,0,0,0,0.343333333333333,0.16,0.72,0.15,3,1,1,1,1,1,1,0,0,0,0.33,0.225,0.72,0.15,4,2,1,1,1,1,1,0,0,0,0.174117647058824,0.13,0.72,0.1,17,2,1,1,1,1,1,0,0,0,0.150333333333333,0.12,0.72,0.1,30,2,1,1,1,1,1,0,0,0,0.1475,0.125,0.72,0.1,36,2,1,1,1,1,1,0,0,0,0.1426,0.12,0.72,0.1,50,3,1,1,1,1,1,0,0,0,0.128360655737705,0.12,0.72,0.1,305,8,1,1,1,1,1,0,0,0,0.12701726844584,0.12,0.72,0.1,637,14,1,1,1,1,1,0,0,0,0.128128400435256,0.12,0.72,0.1,919,21,1,1,1,1,1,0,0,0,0.128220603537981,0.12,0.72,0.1,961,23,1,1,1,1,1,0,0,0,1216_20210413_175000_0
1222,Grauspecht,2021-04-04T07:00:12Z,0.42,0.42,0.42,0.42,0.42,1,1,1,1,0,0,0,0,0,0,0.42,0.42,0.42,0.42,1,1,1,1,0,0,0,0,0,0,0.42,0.42,0.42,0.42,1,1,1,1,0,0,0,0,0,0,0.38,0.38,0.42,0.34,2,2,2,1,0,0,0,0,0,0,0.3,0.34,0.42,0.14,3,2,2,1,0,0,0,0,0,0,0.246,0.2,0.42,0.13,5,3,2,1,0,0,0,0,0,0,0.246,0.2,0.42,0.13,5,3,2,1,0,0,0,0,0,0,0.208571428571429,0.14,0.42,0.1,7,3,2,1,0,0,0,0,0,0,0.136463414634146,0.12,0.42,0.1,82,7,2,1,0,0,0,0,0,0,0.130529801324503,0.12,0.42,0.1,151,8,2,1,0,0,0,0,0,0,0.130765027322404,0.12,0.42,0.1,183,8,2,1,0,0,0,0,0,0,0.128614232209738,0.12,0.42,0.1,267,9,2,1,0,0,0,0,0,0,1222_20210404_070000_12
1251,Grauspecht,2021-04-13T06:10:21Z,0.31,0.18,0.13,0.31,0.1,3,1,1,0,0,0,0,0,0,0,0.1625,0.12,0.31,0.1,4,1,1,0,0,0,0,0,0,0,0.1625,0.12,0.31,0.1,4,1,1,0,0,0,0,0,0,0,0.188,0.13,0.31,0.1,5,2,1,0,0,0,0,0,0,0,0.144545454545455,0.13,0.31,0.1,22,3,1,0,0,0,0,0,0,0,0.141333333333333,0.13,0.31,0.1,30,3,1,0,0,0,0,0,0,0,0.13925,0.13,0.31,0.1,40,3,1,0,0,0,0,0,0,0,0.135531914893617,0.12,0.31,0.1,47,3,1,0,0,0,0,0,0,0,0.125313653136531,0.12,0.31,0.1,271,6,1,0,0,0,0,0,0,0,0.125506072874494,0.12,0.82,0.1,494,8,2,1,1,1,1,1,0,0,0.125545590433483,0.12,0.82,0.1,669,10,2,1,1,1,1,1,0,0,0.126161395856052,0.12,0.82,0.1,917,14,3,2,1,1,1,1,0,0,1251_20210413_061000_21
1305,Grauspecht,2021-04-04T06:10:09Z,0.15,0.125,0.125,0.15,0.1,2,0,0,0,0,0,0,0,0,0,0.123333333333333,0.12,0.15,0.1,3,0,0,0,0,0,0,0,0,0,0.1625,0.135,0.28,0.1,4,1,0,0,0,0,0,0,0,0,0.1625,0.135,0.28,0.1,4,1,0,0,0,0,0,0,0,0,0.13,0.11,0.28,0.1,17,1,0,0,0,0,0,0,0,0,0.128181818181818,0.11,0.28,0.1,22,1,0,0,0,0,0,0,0,0,0.124827586206897,0.11,0.28,0.1,29,1,0,0,0,0,0,0,0,0,0.123333333333333,0.11,0.28,0.1,33,1,0,0,0,0,0,0,0,0,0.118518518518519,0.11,0.28,0.1,162,2,0,0,0,0,0,0,0,0,0.120313588850174,0.12,0.28,0.1,287,4,0,0,0,0,0,0,0,0,0.12015625,0.12,0.28,0.1,320,4,0,0,0,0,0,0,0,0,0.121153846153846,0.11,0.92,0.1,442,8,2,2,1,1,1,1,1,0,1305_20210404_061000_9
1507,Grauspecht,2021-04-07T06:00:06Z,0.75,0.326666666666667,0.12,0.75,0.11,3,1,1,1,1,1,1,0,0,0,0.2775,0.125,0.75,0.11,4,1,1,1,1,1,1,0,0,0,0.2775,0.125,0.75,0.11,4,1,1,1,1,1,1,0,0,0,0.2775,0.125,0.75,0.11,4,1,1,1,1,1,1,0,0,0,0.174615384615385,0.12,0.75,0.1,13,1,1,1,1,1,1,0,0,0,0.157777777777778,0.12,0.75,0.1,18,1,1,1,1,1,1,0,0,0,0.148846153846154,0.12,0.75,0.1,26,1,1,1,1,1,1,0,0,0,0.147777777777778,0.12,0.75,0.1,27,1,1,1,1,1,1,0,0,0,0.129333333333333,0.12,0.75,0.1,60,1,1,1,1,1,1,0,0,0,0.13029702970297,0.12,0.75,0.1,101,3,2,1,1,1,1,0,0,0,0.130682926829268,0.12,0.75,0.1,205,6,3,1,1,1,1,0,0,0,0.13344,0.12,0.77,0.1,250,10,6,3,2,2,2,0,0,0,1507_20210407_060000_6
1507,Grauspecht,2021-04-09T17:00:06Z,0.46,0.55,0.55,0.64,0.46,2,2,2,2,1,1,0,0,0,0,0.55,0.55,0.64,0.46,2,2,2,2,1,1,0,0,0,0,0.55,0.55,0.64,0.46,2,2,2,2,1,1,0,0,0,0,0.55,0.55,0.64,0.46,2,2,2,2,1,1,0,0,0,0,0.275714285714286,0.22,0.64,0.1,7,4,2,2,1,1,0,0,0,0,0.237777777777778,0.12,0.64,0.1,9,4,2,2,1,1,0,0,0,0,0.212727272727273,0.11,0.64,0.1,11,4,2,2,1,1,0,0,0,0,0.188666666666667,0.11,0.64,0.1,15,4,2,2,1,1,0,0,0,0,0.1278125,0.11,0.64,0.1,128,7,2,2,1,1,0,0,0,0,0.12608040201005,0.11,0.64,0.1,199,10,3,2,1,1,0,0,0,0,0.126094276094276,0.12,0.64,0.1,297,11,3,2,1,1,0,0,0,0,0.12719512195122,0.12,0.64,0.1,410,15,5,3,1,1,0,0,0,0,1507_20210409_170000_6
1616,Grauspecht,2021-04-09T01:00:27Z,0.7,0.7,0.7,0.7,0.7,1,1,1,1,1,1,0,0,0,0,0.7,0.7,0.7,0.7,1,1,1,1,1,1,0,0,0,0,0.7,0.7,0.7,0.7,1,1,1,1,1,1,0,0,0,0,0.7,0.7,0.7,0.7,1,1,1,1,1,1,0,0,0,0,0.7,0.7,0.7,0.7,1,1,1,1,1,1,0,0,0,0,0.7,0.7,0.7,0.7,1,1,1,1,1,1,0,0,0,0,0.405,0.405,0.7,0.11,2,1,1,1,1,1,0,0,0,0,0.405,0.405,0.7,0.11,2,1,1,1,1,1,0,0,0,0,0.14,0.12,0.7,0.1,108,5,2,2,2,1,0,0,0,0,0.135688622754491,0.12,0.7,0.1,167,8,2,2,2,1,0,0,0,0,0.131386861313869,0.12,0.7,0.1,274,9,2,2,2,1,0,0,0,0,0.129823529411765,0.12,0.7,0.1,340,11,2,2,2,1,0,0,0,0,1616_20210409_010000_27
1720,Grauspecht,2021-04-08T18:50:24Z,0.99,0.99,0.99,0.99,0.99,2,2,2,2,2,2,2,2,2,2,0.703333333333333,0.99,0.99,0.13,3,2,2,2,2,2,2,2,2,2,0.703333333333333,0.99,0.99,0.13,3,2,2,2,2,2,2,2,2,2,0.703333333333333,0.99,0.99,0.13,3,2,2,2,2,2,2,2,2,2,0.404444444444444,0.12,0.99,0.1,9,3,3,3,3,3,3,3,3,3,0.3325,0.12,0.99,0.1,12,3,3,3,3,3,3,3,3,3,0.300714285714286,0.12,0.99,0.1,14,3,3,3,3,3,3,3,3,3,0.23952380952381,0.12,0.99,0.1,21,3,3,3,3,3,3,3,3,3,0.137918781725888,0.12,0.99,0.1,197,6,4,4,3,3,3,3,3,3,0.131198830409357,0.12,0.99,0.1,342,8,4,4,3,3,3,3,3,3,0.127887931034483,0.12,0.99,0.1,464,8,4,4,3,3,3,3,3,3,0.126009693053312,0.12,0.99,0.1,619,11,4,4,3,3,3,3,3,3,1720_20210408_185000_24
1790,Grauspecht,2021-04-01T05:50:24Z,0.99,0.99,0.99,0.99,0.99,1,1,1,1,1,1,1,1,1,1,0.99,0.99,0.99,0.99,1,1,1,1,1,1,1,1,1,1,0.99,0.99,0.99,0.99,1,1,1,1,1,1,1,1,1,1,0.555,0.555,0.99,0.12,2,1,1,1,1,1,1,1,1,1,0.7725,0.99,0.99,0.12,4,3,3,3,3,3,3,3,3,3,0.7725,0.99,0.99,0.12,4,3,3,3,3,3,3,3,3,3,0.422307692307692,0.15,0.99,0.1,13,5,5,5,5,5,4,4,3,3,0.352352941176471,0.13,0.99,0.1,17,5,5,5,5,5,4,4,3,3,0.271076923076923,0.12,0.99,0.1,65,16,14,13,13,12,9,9,6,5,0.233636363636364,0.12,0.99,0.1,88,19,14,13,13,12,9,9,6,5,0.206546762589928,0.12,0.99,0.1,139,24,17,16,15,14,10,10,6,5,0.199171974522293,0.12,0.99,0.1,157,24,17,16,15,14,10,10,6,5,1790_20210401_055000_24
1790,Grauspecht,2021-04-04T00:10:09Z,0.46,0.46,0.46,0.46,0.46,1,1,1,1,0,0,0,0,0,0,0.46,0.46,0.46,0.46,1,1,1,1,0,0,0,0,0,0,0.46,0.46,0.46,0.46,1,1,1,1,0,0,0,0,0,0,0.46,0.46,0.46,0.46,1,1,1,1,0,0,0,0,0,0,0.46,0.46,0.46,0.46,1,1,1,1,0,0,0,0,0,0,0.46,0.46,0.46,0.46,1,1,1,1,0,0,0,0,0,0,0.46,0.46,0.46,0.46,1,1,1,1,0,0,0,0,0,0,0.46,0.46,0.46,0.46,1,1,1,1,0,0,0,0,0,0,0.171298701298701,0.12,0.91,0.1,77,10,7,6,4,3,3,3,1,0,0.174308943089431,0.12,0.98,0.1,123,17,11,9,7,5,4,4,2,0,0.166808510638298,0.12,0.98,0.1,141,17,11,9,7,5,4,4,2,0,0.163970588235294,0.12,0.98,0.1,204,25,14,12,9,7,5,5,2,0,1790_20210404_001000_9
1790,Grauspecht,2021-04-13T12:00:06Z,0.83,0.83,0.83,0.83,0.83,1,1,1,1,1,1,1,1,0,0,0.83,0.83,0.83,0.83,1,1,1,1,1,1,1,1,0,0,0.83,0.83,0.83,0.83,1,1,1,1,1,1,1,1,0,0,0.83,0.83,0.83,0.83,1,1,1,1,1,1,1,1,0,0,0.3325,0.185,0.83,0.13,4,2,1,1,1,1,1,1,0,0,0.3325,0.185,0.83,0.13,4,2,1,1,1,1,1,1,0,0,0.3325,0.185,0.83,0.13,4,2,1,1,1,1,1,1,0,0,0.286,0.16,0.83,0.1,5,2,1,1,1,1,1,1,0,0,0.13183908045977,0.12,0.83,0.1,87,2,1,1,1,1,1,1,0,0,0.136020408163265,0.12,0.93,0.1,196,11,2,2,2,2,2,2,1,0,0.13434628975265,0.12,0.93,0.1,283,13,2,2,2,2,2,2,1,0,0.132386706948641,0.12,0.93,0.1,331,14,2,2,2,2,2,2,1,0,1790_20210413_120000_6
1853,Grauspecht,2021-04-04T07:40:24Z,0.96,0.535,0.535,0.96,0.11,2,1,1,1,1,1,1,1,1,0,0.535,0.535,0.96,0.11,2,1,1,1,1,1,1,1,1,0,0.535,0.535,0.96,0.11,2,1,1,1,1,1,1,1,1,0,0.535,0.535,0.96,0.11,2,1,1,1,1,1,1,1,1,0,0.223,0.13,0.96,0.11,10,2,1,1,1,1,1,1,1,0,0.178888888888889,0.12,0.96,0.1,18,2,1,1,1,1,1,1,1,0,0.172,0.12,0.96,0.1,20,2,1,1,1,1,1,1,1,0,0.172,0.12,0.96,0.1,20,2,1,1,1,1,1,1,1,0,0.129333333333333,0.12,0.96,0.1,135,3,1,1,1,1,1,1,1,0,0.131467889908257,0.12,0.96,0.1,218,6,2,1,1,1,1,1,1,0,0.130526315789474,0.12,0.96,0.1,266,6,2,1,1,1,1,1,1,0,0.132137203166227,0.12,0.96,0.1,379,9,2,1,1,1,1,1,1,0,1853_20210404_074000_24
1877,Grauspecht,2021-04-12T19:20:21Z,0.63,0.306666666666667,0.17,0.63,0.12,3,1,1,1,1,1,0,0,0,0,0.306666666666667,0.17,0.63,0.12,3,1,1,1,1,1,0,0,0,0,0.306666666666667,0.17,0.63,0.12,3,1,1,1,1,1,0,0,0,0,0.26,0.145,0.63,0.12,4,1,1,1,1,1,0,0,0,0,0.19125,0.125,0.63,0.1,8,1,1,1,1,1,0,0,0,0,0.174666666666667,0.14,0.63,0.1,15,2,1,1,1,1,0,0,0,0,0.166,0.14,0.63,0.1,20,2,1,1,1,1,0,0,0,0,0.164761904761905,0.14,0.63,0.1,21,2,1,1,1,1,0,0,0,0,0.12877094972067,0.12,0.63,0.1,179,5,2,1,1,1,0,0,0,0,0.127537993920973,0.12,0.63,0.1,329,9,3,2,2,2,0,0,0,0,0.125780141843972,0.12,0.63,0.1,564,13,3,2,2,2,0,0,0,0,0.126453333333333,0.12,0.68,0.1,750,14,4,3,3,3,0,0,0,0,1877_20210412_192000_21
372,Grauspecht,2021-04-04T06:20:06Z,0.6,0.38,0.38,0.6,0.16,2,1,1,1,1,1,0,0,0,0,0.38,0.38,0.6,0.16,2,1,1,1,1,1,0,0,0,0,0.38,0.38,0.6,0.16,2,1,1,1,1,1,0,0,0,0,0.38,0.38,0.6,0.16,2,1,1,1,1,1,0,0,0,0,0.206666666666667,0.135,0.6,0.1,6,1,1,1,1,1,0,0,0,0,0.160909090909091,0.11,0.6,0.1,11,1,1,1,1,1,0,0,0,0,0.155833333333333,0.11,0.6,0.1,12,1,1,1,1,1,0,0,0,0,0.155,0.11,0.6,0.1,14,1,1,1,1,1,0,0,0,0,0.1536,0.12,0.85,0.1,75,6,4,3,3,3,2,2,0,0,0.152721088435374,0.12,0.9,0.1,147,10,7,6,6,6,5,5,1,0,0.153419689119171,0.12,0.9,0.1,193,14,9,8,8,8,7,6,1,0,0.163582677165354,0.12,0.98,0.1,254,25,17,14,14,12,11,8,2,0,372_20210404_062000_6
372,Grauspecht,2021-04-09T09:40:18Z,0.89,0.89,0.89,0.89,0.89,1,1,1,1,1,1,1,1,0,0,0.89,0.89,0.89,0.89,1,1,1,1,1,1,1,1,0,0,0.89,0.89,0.89,0.89,1,1,1,1,1,1,1,1,0,0,0.89,0.89,0.89,0.89,1,1,1,1,1,1,1,1,0,0,0.89,0.89,0.89,0.89,1,1,1,1,1,1,1,1,0,0,0.515,0.515,0.89,0.14,2,1,1,1,1,1,1,1,0,0,0.515,0.515,0.89,0.14,2,1,1,1,1,1,1,1,0,0,0.64,0.89,0.89,0.14,3,2,2,2,2,2,2,2,0,0,0.237037037037037,0.13,0.98,0.1,54,16,9,7,7,6,5,5,2,0,0.222792792792793,0.13,0.99,0.1,111,27,17,15,12,11,9,8,4,1,0.218297872340426,0.13,0.99,0.1,188,38,26,24,20,18,15,13,9,3,0.202017167381974,0.13,0.99,0.1,233,42,27,24,20,18,15,13,9,3,372_20210409_094000_18
372,Grauspecht,2021-04-13T17:40:27Z,0.42,0.28,0.28,0.42,0.14,2,1,1,1,0,0,0,0,0,0,0.28,0.28,0.42,0.14,2,1,1,1,0,0,0,0,0,0,0.28,0.28,0.42,0.14,2,1,1,1,0,0,0,0,0,0,0.28,0.28,0.42,0.14,2,1,1,1,0,0,0,0,0,0,0.28,0.28,0.42,0.14,2,1,1,1,0,0,0,0,0,0,0.28,0.28,0.42,0.14,2,1,1,1,0,0,0,0,0,0,0.22,0.14,0.42,0.1,3,1,1,1,0,0,0,0,0,0,0.22,0.14,0.42,0.1,3,1,1,1,0,0,0,0,0,0,0.16258064516129,0.13,0.8,0.1,62,5,5,4,3,2,2,2,0,0,0.150666666666667,0.12,0.8,0.1,135,8,7,6,4,3,3,2,0,0,0.152931937172775,0.12,0.97,0.1,191,13,10,8,6,5,5,4,1,0,0.151741293532338,0.12,0.97,0.1,201,13,10,8,6,5,5,4,1,0,372_20210413_174000_27
372,Grauspecht,2021-04-14T08:20:24Z,0.75,0.75,0.75,0.75,0.75,1,1,1,1,1,1,1,0,0,0,0.75,0.75,0.75,0.75,1,1,1,1,1,1,1,0,0,0,0.75,0.75,0.75,0.75,1,1,1,1,1,1,1,0,0,0,0.75,0.75,0.75,0.75,1,1,1,1,1,1,1,0,0,0,0.194545454545455,0.17,0.75,0.1,11,1,1,1,1,1,1,0,0,0,0.187142857142857,0.165,0.75,0.1,14,1,1,1,1,1,1,0,0,0,0.169,0.14,0.75,0.1,20,1,1,1,1,1,1,0,0,0,0.169,0.14,0.75,0.1,20,1,1,1,1,1,1,0,0,0,0.142876712328767,0.13,0.75,0.1,73,3,2,2,2,1,1,0,0,0,0.14743119266055,0.13,0.8,0.1,109,5,4,4,3,2,2,1,0,0,0.148955223880597,0.125,0.8,0.1,134,7,6,5,4,3,3,2,0,0,0.152797619047619,0.12,0.97,0.1,168,11,9,7,5,4,4,3,1,0,372_20210414_082000_24
649,Grauspecht,2021-04-03T06:50:24Z,0.24,0.24,0.24,0.24,0.24,1,1,0,0,0,0,0,0,0,0,0.24,0.24,0.24,0.24,1,1,0,0,0,0,0,0,0,0,0.24,0.24,0.24,0.24,1,1,0,0,0,0,0,0,0,0,0.24,0.24,0.24,0.24,1,1,0,0,0,0,0,0,0,0,0.153333333333333,0.14,0.24,0.11,6,1,0,0,0,0,0,0,0,0,0.136363636363636,0.14,0.24,0.1,11,1,0,0,0,0,0,0,0,0,0.132307692307692,0.12,0.24,0.1,13,1,0,0,0,0,0,0,0,0,0.12875,0.12,0.24,0.1,16,1,0,0,0,0,0,0,0,0,0.125408163265306,0.12,0.27,0.1,98,2,0,0,0,0,0,0,0,0,0.123495145631068,0.12,0.27,0.1,206,2,0,0,0,0,0,0,0,0,0.123448275862069,0.12,0.27,0.1,348,3,0,0,0,0,0,0,0,0,0.123883847549909,0.12,0.58,0.1,551,6,1,1,1,0,0,0,0,0,649_20210403_065000_24
771,Grauspecht,2021-04-06T08:00:06Z,0.9,0.54,0.54,0.9,0.18,2,1,1,1,1,1,1,1,1,0,0.3325,0.155,0.9,0.12,4,1,1,1,1,1,1,1,1,0,0.3325,0.155,0.9,0.12,4,1,1,1,1,1,1,1,1,0,0.288,0.13,0.9,0.11,5,1,1,1,1,1,1,1,1,0,0.235833333333333,0.15,0.9,0.1,12,3,2,2,1,1,1,1,1,0,0.193181818181818,0.135,0.9,0.1,22,4,2,2,1,1,1,1,1,0,0.169393939393939,0.13,0.9,0.1,33,4,2,2,1,1,1,1,1,0,0.166571428571429,0.13,0.9,0.1,35,4,2,2,1,1,1,1,1,0,0.144479166666667,0.13,0.9,0.1,96,4,2,2,1,1,1,1,1,0,0.135548387096774,0.12,0.9,0.1,155,5,2,2,1,1,1,1,1,0,0.130585774058577,0.12,0.9,0.1,239,5,2,2,1,1,1,1,1,0,0.132379958246347,0.12,0.99,0.1,479,9,5,5,4,4,4,4,4,2,771_20210406_080000_6
937,Grauspecht,2021-04-14T07:30:12Z,0.66,0.38,0.38,0.66,0.1,2,1,1,1,1,1,0,0,0,0,0.31,0.17,0.66,0.1,3,1,1,1,1,1,0,0,0,0,0.2625,0.145,0.66,0.1,4,1,1,1,1,1,0,0,0,0,0.238,0.14,0.66,0.1,5,1,1,1,1,1,0,0,0,0,0.238,0.14,0.66,0.1,5,1,1,1,1,1,0,0,0,0,0.2,0.13,0.66,0.1,10,2,1,1,1,1,0,0,0,0,0.18,0.145,0.66,0.1,18,3,1,1,1,1,0,0,0,0,0.177142857142857,0.135,0.66,0.1,28,4,2,2,2,1,0,0,0,0,0.146058823529412,0.13,0.66,0.1,170,15,5,3,3,2,0,0,0,0,0.146550218340611,0.13,0.97,0.1,229,21,6,4,4,3,1,1,1,0,0.144844290657439,0.13,0.97,0.1,289,24,6,4,4,3,1,1,1,0,0.143091482649842,0.13,0.97,0.1,317,26,6,4,4,3,1,1,1,0,937_20210414_073000_12
991,Grauspecht,2021-04-01T09:30:09Z,0.86,0.925,0.925,0.99,0.86,2,2,2,2,2,2,2,2,1,1,0.826666666666667,0.86,0.99,0.63,3,3,3,3,3,3,2,2,1,1,0.826666666666667,0.86,0.99,0.63,3,3,3,3,3,3,2,2,1,1,0.845,0.88,0.99,0.63,4,4,4,4,4,4,3,3,2,1,0.364166666666667,0.135,0.99,0.1,12,4,4,4,4,4,3,3,2,1,0.264,0.13,0.99,0.1,20,4,4,4,4,4,3,3,2,1,0.3076,0.13,0.99,0.1,25,6,6,6,6,6,5,5,4,3,0.358148148148148,0.13,0.99,0.1,27,8,8,8,8,8,7,7,6,5,0.157719298245614,0.11,0.99,0.1,171,11,8,8,8,8,7,7,6,5,0.157109375,0.12,0.99,0.1,256,17,12,11,11,11,9,9,8,7,0.161683501683502,0.12,0.99,0.1,297,21,15,14,14,14,12,12,10,9,0.153333333333333,0.12,0.99,0.1,375,22,15,14,14,14,12,12,10,9,991_20210401_093000_9
991,Grauspecht,2021-04-05T07:30:06Z,0.97,0.865,0.865,0.97,0.76,2,2,2,2,2,2,2,1,1,0,0.865,0.865,0.97,0.76,2,2,2,2,2,2,2,1,1,0,0.865,0.865,0.97,0.76,2,2,2,2,2,2,2,1,1,0,0.616666666666667,0.76,0.97,0.12,3,2,2,2,2,2,2,1,1,0,0.343636363636364,0.14,0.99,0.1,11,3,3,3,3,3,3,2,2,1,0.307692307692308,0.13,0.99,0.1,13,3,3,3,3,3,3,2,2,1,0.298571428571429,0.135,0.99,0.1,14,3,3,3,3,3,3,2,2,1,0.298571428571429,0.135,0.99,0.1,14,3,3,3,3,3,3,2,2,1,0.191090909090909,0.13,0.99,0.1,55,5,5,5,5,4,4,3,3,1,0.15748502994012,0.12,0.99,0.1,167,11,8,8,7,6,5,4,3,1,0.149954545454545,0.12,0.99,0.1,220,12,8,8,7,6,5,4,3,1,0.146322188449848,0.12,0.99,0.1,329,17,9,9,8,7,6,5,4,2,991_20210405_073000_6
991,Grauspecht,2021-04-05T07:30:09Z,0.76,0.865,0.865,0.97,0.76,2,2,2,2,2,2,2,1,1,0,0.865,0.865,0.97,0.76,2,2,2,2,2,2,2,1,1,0,0.616666666666667,0.76,0.97,0.12,3,2,2,2,2,2,2,1,1,0,0.616666666666667,0.76,0.97,0.12,3,2,2,2,2,2,2,1,1,0,0.343636363636364,0.14,0.99,0.1,11,3,3,3,3,3,3,2,2,1,0.307692307692308,0.13,0.99,0.1,13,3,3,3,3,3,3,2,2,1,0.298571428571429,0.135,0.99,0.1,14,3,3,3,3,3,3,2,2,1,0.298571428571429,0.135,0.99,0.1,14,3,3,3,3,3,3,2,2,1,0.191090909090909,0.13,0.99,0.1,55,5,5,5,5,4,4,3,3,1,0.15748502994012,0.12,0.99,0.1,167,11,8,8,7,6,5,4,3,1,0.149954545454545,0.12,0.99,0.1,220,12,8,8,7,6,5,4,3,1,0.146322188449848,0.12,0.99,0.1,329,17,9,9,8,7,6,5,4,2,991_20210405_073000_9
E12,Grauspecht,2021-04-02T06:00:06Z,0.99,0.99,0.99,0.99,0.99,1,1,1,1,1,1,1,1,1,1,0.426666666666667,0.15,0.99,0.14,3,1,1,1,1,1,1,1,1,1,0.426666666666667,0.15,0.99,0.14,3,1,1,1,1,1,1,1,1,1,0.426666666666667,0.15,0.99,0.14,3,1,1,1,1,1,1,1,1,1,0.358888888888889,0.15,0.99,0.11,9,4,3,2,2,2,2,2,2,2,0.233888888888889,0.115,0.99,0.1,18,4,3,2,2,2,2,2,2,2,0.212272727272727,0.115,0.99,0.1,22,4,3,2,2,2,2,2,2,2,0.1925,0.11,0.99,0.1,28,4,3,2,2,2,2,2,2,2,0.135,0.12,0.99,0.1,216,8,3,2,2,2,2,2,2,2,0.134928229665072,0.12,0.99,0.1,418,16,7,4,4,3,3,3,3,2,0.135561139028476,0.12,0.99,0.1,597,25,11,7,6,4,3,3,3,2,0.134427710843373,0.12,0.99,0.1,664,26,11,7,6,4,3,3,3,2,E12_20210402_060000_6
E12,Grauspecht,2021-04-04T06:20:27Z,0.97,0.98,0.98,0.99,0.97,2,2,2,2,2,2,2,2,2,1,0.98,0.98,0.99,0.97,2,2,2,2,2,2,2,2,2,1,0.686666666666667,0.97,0.99,0.1,3,2,2,2,2,2,2,2,2,1,0.686666666666667,0.97,0.99,0.1,3,2,2,2,2,2,2,2,2,1,0.41,0.15,0.99,0.1,6,2,2,2,2,2,2,2,2,1,0.243571428571429,0.115,0.99,0.1,14,3,2,2,2,2,2,2,2,1,0.184642857142857,0.12,0.99,0.1,28,3,2,2,2,2,2,2,2,1,0.17625,0.12,0.99,0.1,32,3,2,2,2,2,2,2,2,1,0.136459016393443,0.12,0.99,0.1,305,20,6,4,3,2,2,2,2,1,0.134797570850202,0.12,0.99,0.1,494,28,9,6,4,2,2,2,2,1,0.13462962962963,0.12,0.99,0.1,594,31,12,7,5,3,3,3,3,1,0.134702308626975,0.12,0.99,0.1,823,39,15,9,7,5,5,5,5,3,E12_20210404_062000_27
E12,Grauspecht,2021-04-11T05:20:27Z,0.87,0.87,0.87,0.87,0.87,1,1,1,1,1,1,1,1,0,0,0.87,0.87,0.87,0.87,1,1,1,1,1,1,1,1,0,0,0.485,0.485,0.87,0.1,2,1,1,1,1,1,1,1,0,0,0.485,0.485,0.87,0.1,2,1,1,1,1,1,1,1,0,0,0.227142857142857,0.13,0.87,0.1,7,1,1,1,1,1,1,1,0,0,0.21375,0.125,0.87,0.1,8,1,1,1,1,1,1,1,0,0,0.1825,0.125,0.87,0.1,12,1,1,1,1,1,1,1,0,0,0.166470588235294,0.12,0.87,0.1,17,1,1,1,1,1,1,1,0,0,0.135494071146245,0.12,0.99,0.1,253,7,2,2,2,2,2,2,1,1,0.133458149779736,0.13,0.99,0.1,454,12,3,2,2,2,2,2,1,1,0.142160583941606,0.12,0.99,0.1,685,32,19,13,11,10,9,9,4,2,0.138283898305085,0.12,0.99,0.1,944,37,22,15,13,12,11,11,5,2,E12_20210411_052000_27
E15,Grauspecht,2021-04-12T11:20:06Z,0.99,0.99,0.99,0.99,0.99,2,2,2,2,2,2,2,2,2,2,0.99,0.99,0.99,0.99,2,2,2,2,2,2,2,2,2,2,0.99,0.99,0.99,0.99,2,2,2,2,2,2,2,2,2,2,0.99,0.99,0.99,0.99,2,2,2,2,2,2,2,2,2,2,0.693333333333333,0.99,0.99,0.1,3,2,2,2,2,2,2,2,2,2,0.462,0.13,0.99,0.1,5,2,2,2,2,2,2,2,2,2,0.358571428571429,0.1,0.99,0.1,7,2,2,2,2,2,2,2,2,2,0.287,0.115,0.99,0.1,10,2,2,2,2,2,2,2,2,2,0.130552147239264,0.12,0.99,0.1,163,4,2,2,2,2,2,2,2,2,0.134576802507837,0.12,0.99,0.1,319,8,5,5,5,5,5,5,5,3,0.131085106382979,0.12,0.99,0.1,470,9,5,5,5,5,5,5,5,3,0.130301724137931,0.12,0.99,0.1,696,14,8,7,6,6,6,6,6,3,E15_20210412_112000_6
E17,Grauspecht,2021-04-07T05:30:00Z,0.57,0.34,0.34,0.57,0.11,2,1,1,1,1,0,0,0,0,0,0.276666666666667,0.15,0.57,0.11,3,1,1,1,1,0,0,0,0,0,0.276666666666667,0.15,0.57,0.11,3,1,1,1,1,0,0,0,0,0,0.276666666666667,0.15,0.57,0.11,3,1,1,1,1,0,0,0,0,0,0.17,0.14,0.57,0.1,14,2,1,1,1,0,0,0,0,0,0.161052631578947,0.13,0.57,0.1,19,2,1,1,1,0,0,0,0,0,0.156190476190476,0.13,0.57,0.1,21,2,1,1,1,0,0,0,0,0,0.154545454545455,0.125,0.57,0.1,22,2,1,1,1,0,0,0,0,0,0.15,0.13,0.57,0.1,39,3,2,2,1,0,0,0,0,0,0.137387387387387,0.12,0.57,0.1,111,7,2,2,1,0,0,0,0,0,0.131891891891892,0.12,0.57,0.1,185,7,2,2,1,0,0,0,0,0,0.131535433070866,0.12,0.57,0.1,254,10,2,2,1,0,0,0,0,0,E17_20210407_053000_0
E2,Grauspecht,2021-04-02T10:10:06Z,0.33,0.33,0.33,0.33,0.33,1,1,1,0,0,0,0,0,0,0,0.215,0.215,0.33,0.1,2,1,1,0,0,0,0,0,0,0,0.215,0.215,0.33,0.1,2,1,1,0,0,0,0,0,0,0,0.215,0.215,0.33,0.1,2,1,1,0,0,0,0,0,0,0,0.155,0.125,0.33,0.1,6,1,1,0,0,0,0,0,0,0,0.157142857142857,0.13,0.33,0.1,7,1,1,0,0,0,0,0,0,0,0.155454545454545,0.13,0.33,0.1,11,2,1,0,0,0,0,0,0,0,0.155454545454545,0.13,0.33,0.1,11,2,1,0,0,0,0,0,0,0,0.141604938271605,0.13,0.72,0.1,81,4,2,1,1,1,1,0,0,0,0.148364779874214,0.13,0.96,0.1,159,12,6,4,3,3,2,1,1,0,0.14030534351145,0.12,0.96,0.1,262,13,7,4,3,3,2,1,1,0,0.139052287581699,0.13,0.96,0.1,306,14,7,4,3,3,2,1,1,0,E2_20210402_101000_6
E5,Grauspecht,2021-04-12T19:00:00Z,0.52,0.52,0.52,0.52,0.52,1,1,1,1,1,0,0,0,0,0,0.52,0.52,0.52,0.52,1,1,1,1,1,0,0,0,0,0,0.52,0.52,0.52,0.52,1,1,1,1,1,0,0,0,0,0,0.52,0.52,0.52,0.52,1,1,1,1,1,0,0,0,0,0,0.185,0.12,0.52,0.11,6,1,1,1,1,0,0,0,0,0,0.159,0.11,0.52,0.11,10,1,1,1,1,0,0,0,0,0,0.14,0.11,0.52,0.1,19,1,1,1,1,0,0,0,0,0,0.1348,0.11,0.52,0.1,25,1,1,1,1,0,0,0,0,0,0.125894736842105,0.12,0.52,0.1,190,8,2,1,1,0,0,0,0,0,0.130524934383202,0.12,0.82,0.1,381,15,5,3,2,1,1,1,0,0,0.127751124437781,0.12,0.82,0.1,667,19,5,3,2,1,1,1,0,0,0.12762962962963,0.12,0.82,0.1,810,22,6,3,2,1,1,1,0,0,E5_20210412_190000_0
E8,Grauspecht,2021-04-10T18:10:18Z,0.11,0.12,0.12,0.13,0.11,2,0,0,0,0,0,0,0,0,0,0.12,0.12,0.13,0.11,2,0,0,0,0,0,0,0,0,0,0.113333333333333,0.11,0.13,0.1,3,0,0,0,0,0,0,0,0,0,0.11,0.105,0.13,0.1,4,0,0,0,0,0,0,0,0,0,0.10875,0.11,0.13,0.1,8,0,0,0,0,0,0,0,0,0,0.108,0.11,0.13,0.1,10,0,0,0,0,0,0,0,0,0,0.108,0.11,0.13,0.1,10,0,0,0,0,0,0,0,0,0,0.108,0.11,0.13,0.1,10,0,0,0,0,0,0,0,0,0,0.123982300884956,0.12,0.27,0.1,113,2,0,0,0,0,0,0,0,0,0.126304347826087,0.12,0.27,0.1,276,7,0,0,0,0,0,0,0,0,0.125874673629243,0.12,0.27,0.1,383,8,0,0,0,0,0,0,0,0,0.12704280155642,0.12,0.27,0.1,514,13,0,0,0,0,0,0,0,0,E8_20210410_181000_18
